case,kind,product,param,match_mode,day2,day3,day4,total,delta,min_day,status,error
imb_0p4__MICROCHIP_CIRCLE,imbalance,MICROCHIP_CIRCLE,0.4,default,440686,401970,509038,1351694,2216,401970,ok,
imb_0p2__MICROCHIP_CIRCLE,imbalance,MICROCHIP_CIRCLE,0.2,default,439904,402072,507643,1349619,141,402072,ok,
baseline,baseline,,,default,440342,401360,507776,1349478,0,401360,ok,
imb_0p2__MICROCHIP_SQUARE,imbalance,MICROCHIP_SQUARE,0.2,default,440342,401360,507776,1349478,0,401360,ok,
imb_0p4__MICROCHIP_SQUARE,imbalance,MICROCHIP_SQUARE,0.4,default,440342,401360,507776,1349478,0,401360,ok,
imb_0p2__OXYGEN_SHAKE_GARLIC,imbalance,OXYGEN_SHAKE_GARLIC,0.2,default,440156,401360,507776,1349292,-186,401360,ok,
imb_0p4__OXYGEN_SHAKE_GARLIC,imbalance,OXYGEN_SHAKE_GARLIC,0.4,default,440156,401360,507776,1349292,-186,401360,ok,
imb_0p4__PEBBLES_S,imbalance,PEBBLES_S,0.4,default,439805,401360,507900,1349065,-413,401360,ok,
imb_0p2__PEBBLES_S,imbalance,PEBBLES_S,0.2,default,439805,401662,506504,1347971,-1507,401662,ok,
